danceability,energy,loudness,speechiness,acousticness,instrumentalness,valence,genre
0.80,0.75,-5.2,0.05,0.10,0.01,0.85,Pop
0.72,0.82,-4.5,0.04,0.08,0.02,0.78,Pop
0.65,0.88,-4.0,0.06,0.05,0.03,0.70,Rock
0.58,0.91,-3.8,0.07,0.04,0.02,0.65,Rock
0.30,0.35,-12.0,0.03,0.70,0.80,0.25,Classical
0.25,0.28,-14.0,0.02,0.82,0.85,0.20,Classical
0.78,0.70,-5.5,0.05,0.12,0.01,0.82,Pop
0.62,0.86,-4.2,0.06,0.06,0.02,0.68,Rock
0.28,0.32,-13.0,0.02,0.75,0.82,0.22,Classical
0.82,0.78,-5.0,0.04,0.09,0.01,0.88,Pop
0.60,0.89,-4.1,0.07,0.05,0.03,0.66,Rock
0.27,0.30,-13.5,0.02,0.78,0.84,0.18,Classical
0.76,0.73,-5.3,0.05,0.11,0.01,0.80,Pop
0.64,0.87,-4.3,0.06,0.05,0.02,0.69,Rock
0.32,0.36,-11.8,0.03,0.68,0.79,0.27,Classical
0.79,0.76,-5.1,0.04,0.10,0.01,0.86,Pop
0.59,0.90,-4.0,0.07,0.04,0.03,0.64,Rock
0.29,0.31,-13.2,0.02,0.80,0.83,0.21,Classical
